"","celltype"
"Dat1_Cell_00008","eL6"
"Dat1_Cell_00009","eL4"
"Dat1_Cell_00012","eL2/3"
"Dat1_Cell_00014","eL6"
"Dat1_Cell_00015","eL5"
"Dat1_Cell_00016","eL6"
"Dat1_Cell_00019","eL6"
"Dat1_Cell_00020","eL6"
"Dat1_Cell_00021","eL6"
"Dat1_Cell_00023","eL4"
"Dat1_Cell_00024","eL2/3"
"Dat1_Cell_00025","eL2/3"
"Dat1_Cell_00026","eL4"
"Dat1_Cell_00027","eL2/3"
"Dat1_Cell_00028","eL6"
"Dat1_Cell_00030","Oligo"
"Dat1_Cell_00033","eL6"
"Dat1_Cell_00034","eL5"
"Dat1_Cell_00035","eL4"
"Dat1_Cell_00036","eL6"
"Dat1_Cell_00037","eL4"
"Dat1_Cell_00039","eL2/3"
"Dat1_Cell_00041","eL2/3"
"Dat1_Cell_00042","eL5"
"Dat1_Cell_00043","eL4"
"Dat1_Cell_00046","eL4"
"Dat1_Cell_00048","eL5"
"Dat1_Cell_00049","eL4"
"Dat1_Cell_00050","Oligo"
"Dat1_Cell_00051","eL6"
"Dat1_Cell_00053","eL5"
"Dat1_Cell_00054","Oligo"
"Dat1_Cell_00055","Oligo"
"Dat1_Cell_00056","eL2/3"
"Dat1_Cell_00059","eL4"
"Dat1_Cell_00061","eL2/3"
"Dat1_Cell_00063","eL2/3"
"Dat1_Cell_00064","eL6"
"Dat1_Cell_00066","eL2/3"
"Dat1_Cell_00068","Oligo"
"Dat1_Cell_00069","eL6"
"Dat1_Cell_00070","eL4"
"Dat1_Cell_00071","Oligo"
"Dat1_Cell_00073","eL6"
"Dat1_Cell_00075","eL5"
"Dat1_Cell_00076","eL4"
"Dat1_Cell_00077","eL2/3"
"Dat1_Cell_00078","eL6"
"Dat1_Cell_00080","eL6"
"Dat1_Cell_00084","eL5"
"Dat1_Cell_00085","Oligo"
"Dat1_Cell_00087","eL2/3"
"Dat1_Cell_00088","Oligo"
"Dat1_Cell_00091","Oligo"
"Dat1_Cell_00092","eL4"
"Dat1_Cell_00093","eL4"
"Dat1_Cell_00094","eL6"
"Dat1_Cell_00095","eL4"
"Dat1_Cell_00096","eL6"
"Dat1_Cell_00098","eL5"
"Dat1_Cell_00099","eL4"
"Dat1_Cell_00100","eL6"
"Dat1_Cell_00101","eL4"
"Dat1_Cell_00102","eL2/3"
"Dat1_Cell_00104","eL2/3"
"Dat1_Cell_00105","eL4"
"Dat1_Cell_00106","eL4"
"Dat1_Cell_00107","Oligo"
"Dat1_Cell_00109","eL6"
"Dat1_Cell_00112","eL6"
"Dat1_Cell_00114","eL6"
"Dat1_Cell_00115","Oligo"
"Dat1_Cell_00116","eL4"
"Dat1_Cell_00117","eL4"
"Dat1_Cell_00120","eL6"
"Dat1_Cell_00121","Oligo"
"Dat1_Cell_00124","eL6"
"Dat1_Cell_00125","eL2/3"
"Dat1_Cell_00126","eL4"
"Dat1_Cell_00128","eL2/3"
"Dat1_Cell_00131","Oligo"
"Dat1_Cell_00137","eL6"
"Dat1_Cell_00138","eL6"
"Dat1_Cell_00139","eL5"
"Dat1_Cell_00141","eL5"
"Dat1_Cell_00144","eL2/3"
"Dat1_Cell_00145","eL4"
"Dat1_Cell_00146","Oligo"
"Dat1_Cell_00148","eL2/3"
"Dat1_Cell_00149","Oligo"
"Dat1_Cell_00151","eL6"
"Dat1_Cell_00152","eL2/3"
"Dat1_Cell_00153","eL6"
"Dat1_Cell_00154","eL6"
"Dat1_Cell_00155","eL2/3"
"Dat1_Cell_00156","eL5"
"Dat1_Cell_00158","Oligo"
"Dat1_Cell_00159","eL6"
"Dat1_Cell_00161","eL5"
"Dat1_Cell_00162","Oligo"
"Dat1_Cell_00167","eL6"
"Dat1_Cell_00170","eL6"
"Dat1_Cell_00172","eL6"
"Dat1_Cell_00176","eL6"
"Dat1_Cell_00178","Oligo"
"Dat1_Cell_00179","eL6"
"Dat1_Cell_00181","eL6"
"Dat1_Cell_00182","eL5"
"Dat1_Cell_00183","eL4"
"Dat1_Cell_00184","eL2/3"
"Dat1_Cell_00187","eL6"
"Dat1_Cell_00190","eL4"
"Dat1_Cell_00191","eL6"
"Dat1_Cell_00197","eL6"
"Dat1_Cell_00198","eL6"
"Dat1_Cell_00202","Oligo"
"Dat1_Cell_00203","eL6"
"Dat1_Cell_00204","eL5"
"Dat1_Cell_00209","eL2/3"
"Dat1_Cell_00210","eL5"
"Dat1_Cell_00214","eL4"
"Dat1_Cell_00216","eL2/3"
"Dat1_Cell_00217","eL6"
"Dat1_Cell_00219","eL4"
"Dat1_Cell_00220","eL6"
"Dat1_Cell_00221","eL2/3"
"Dat1_Cell_00222","eL2/3"
"Dat1_Cell_00223","eL6"
"Dat1_Cell_00225","eL5"
"Dat1_Cell_00226","eL6"
"Dat1_Cell_00227","eL4"
"Dat1_Cell_00229","eL6"
"Dat1_Cell_00232","eL6"
"Dat1_Cell_00234","eL6"
"Dat1_Cell_00237","eL2/3"
"Dat1_Cell_00241","eL2/3"
"Dat1_Cell_00243","eL2/3"
"Dat1_Cell_00252","eL2/3"
"Dat1_Cell_00253","Oligo"
"Dat1_Cell_00254","eL6"
"Dat1_Cell_00255","eL6"
"Dat1_Cell_00256","eL6"
"Dat1_Cell_00259","eL6"
"Dat1_Cell_00261","eL5"
"Dat1_Cell_00262","eL6"
"Dat1_Cell_00264","Oligo"
"Dat1_Cell_00265","eL5"
"Dat1_Cell_00266","Oligo"
"Dat1_Cell_00267","Oligo"
"Dat1_Cell_00268","eL6"
"Dat1_Cell_00270","eL6"
"Dat1_Cell_00271","eL2/3"
"Dat1_Cell_00273","eL6"
"Dat1_Cell_00274","Oligo"
"Dat1_Cell_00276","Oligo"
"Dat1_Cell_00279","eL6"
"Dat1_Cell_00282","eL6"
"Dat1_Cell_00285","Oligo"
"Dat1_Cell_00287","eL2/3"
"Dat1_Cell_00288","Oligo"
"Dat1_Cell_00290","eL2/3"
"Dat1_Cell_00291","eL6"
"Dat1_Cell_00295","Oligo"
"Dat1_Cell_00299","eL2/3"
"Dat1_Cell_00301","Oligo"
"Dat1_Cell_00302","eL4"
"Dat1_Cell_00305","eL6"
"Dat1_Cell_00306","eL2/3"
"Dat1_Cell_00309","eL2/3"
"Dat1_Cell_00310","eL6"
"Dat1_Cell_00314","eL6"
"Dat1_Cell_00319","Oligo"
"Dat1_Cell_00320","eL6"
"Dat1_Cell_00324","eL6"
"Dat1_Cell_00325","eL4"
"Dat1_Cell_00327","eL6"
"Dat1_Cell_00328","eL6"
"Dat1_Cell_00329","eL4"
"Dat1_Cell_00330","eL2/3"
"Dat1_Cell_00332","Oligo"
"Dat1_Cell_00333","Oligo"
"Dat1_Cell_00335","eL6"
"Dat1_Cell_00337","eL6"
"Dat1_Cell_00338","eL5"
"Dat1_Cell_00342","eL6"
"Dat1_Cell_00344","Oligo"
"Dat1_Cell_00346","eL6"
"Dat1_Cell_00349","eL4"
"Dat1_Cell_00350","eL4"
"Dat1_Cell_00351","Oligo"
"Dat1_Cell_00353","eL4"
"Dat1_Cell_00355","eL6"
"Dat1_Cell_00356","eL4"
"Dat1_Cell_00357","eL4"
"Dat1_Cell_00358","eL4"
"Dat1_Cell_00360","eL6"
"Dat1_Cell_00365","eL2/3"
"Dat1_Cell_00366","eL5"
"Dat1_Cell_00368","eL5"
"Dat1_Cell_00369","eL2/3"
"Dat1_Cell_00373","eL4"
"Dat1_Cell_00376","eL4"
"Dat1_Cell_00377","eL5"
"Dat1_Cell_00378","Oligo"
"Dat1_Cell_00381","eL5"
"Dat1_Cell_00382","eL2/3"
"Dat1_Cell_00384","eL6"
"Dat1_Cell_00385","Oligo"
"Dat1_Cell_00386","eL4"
"Dat1_Cell_00387","eL2/3"
"Dat1_Cell_00388","eL5"
"Dat1_Cell_00389","eL4"
"Dat1_Cell_00390","eL6"
"Dat1_Cell_00391","eL2/3"
"Dat1_Cell_00392","eL4"
"Dat1_Cell_00395","eL2/3"
"Dat1_Cell_00396","eL5"
"Dat1_Cell_00399","eL6"
"Dat1_Cell_00400","Oligo"
"Dat1_Cell_00402","Oligo"
"Dat1_Cell_00404","Oligo"
"Dat1_Cell_00405","eL6"
"Dat1_Cell_00406","Oligo"
"Dat1_Cell_00408","eL4"
"Dat1_Cell_00409","eL6"
"Dat1_Cell_00410","eL6"
"Dat1_Cell_00412","eL4"
"Dat1_Cell_00413","eL6"
"Dat1_Cell_00414","Oligo"
"Dat1_Cell_00417","eL6"
"Dat1_Cell_00418","eL6"
"Dat1_Cell_00420","eL6"
"Dat1_Cell_00421","eL5"
"Dat1_Cell_00425","eL5"
"Dat1_Cell_00427","eL6"
"Dat1_Cell_00428","eL2/3"
"Dat1_Cell_00429","eL2/3"
"Dat1_Cell_00432","eL2/3"
"Dat1_Cell_00433","eL6"
"Dat1_Cell_00439","Oligo"
"Dat1_Cell_00441","eL6"
"Dat1_Cell_00446","eL4"
"Dat1_Cell_00448","eL6"
"Dat1_Cell_00449","eL4"
"Dat1_Cell_00450","Oligo"
"Dat1_Cell_00451","eL6"
"Dat1_Cell_00453","eL2/3"
"Dat1_Cell_00459","eL4"
"Dat1_Cell_00460","Oligo"
"Dat1_Cell_00461","Oligo"
"Dat1_Cell_00463","Oligo"
"Dat1_Cell_00464","eL2/3"
"Dat1_Cell_00465","Oligo"
"Dat1_Cell_00469","eL4"
"Dat1_Cell_00470","Oligo"
"Dat1_Cell_00472","eL2/3"
"Dat1_Cell_00473","eL6"
"Dat1_Cell_00475","eL6"
"Dat1_Cell_00477","eL2/3"
"Dat1_Cell_00479","eL4"
"Dat1_Cell_00481","eL6"
"Dat1_Cell_00484","eL6"
"Dat1_Cell_00485","eL6"
"Dat1_Cell_00487","eL2/3"
"Dat1_Cell_00488","eL4"
"Dat1_Cell_00492","Oligo"
"Dat1_Cell_00493","eL2/3"
"Dat1_Cell_00494","Oligo"
"Dat1_Cell_00495","eL4"
"Dat1_Cell_00496","eL2/3"
"Dat1_Cell_00499","eL6"
"Dat1_Cell_00503","eL6"
"Dat1_Cell_00504","eL4"
"Dat1_Cell_00505","eL5"
"Dat1_Cell_00506","eL4"
"Dat1_Cell_00507","Oligo"
"Dat1_Cell_00508","eL4"
"Dat1_Cell_00509","eL6"
"Dat1_Cell_00510","eL2/3"
"Dat1_Cell_00511","eL6"
"Dat1_Cell_00513","eL6"
"Dat1_Cell_00514","eL2/3"
"Dat1_Cell_00515","eL4"
"Dat1_Cell_00517","Oligo"
"Dat1_Cell_00518","eL2/3"
"Dat1_Cell_00520","eL4"
"Dat1_Cell_00522","eL2/3"
"Dat1_Cell_00523","eL6"
"Dat1_Cell_00524","eL6"
"Dat1_Cell_00528","eL4"
"Dat1_Cell_00529","eL4"
"Dat1_Cell_00530","eL4"
"Dat1_Cell_00531","eL4"
"Dat1_Cell_00533","eL6"
"Dat1_Cell_00534","Oligo"
"Dat1_Cell_00535","eL4"
"Dat1_Cell_00537","Oligo"
"Dat1_Cell_00538","eL5"
"Dat1_Cell_00539","eL4"
"Dat1_Cell_00540","eL6"
"Dat1_Cell_00541","eL4"
"Dat1_Cell_00543","eL2/3"
"Dat1_Cell_00546","eL2/3"
"Dat1_Cell_00547","eL6"
"Dat1_Cell_00548","eL4"
"Dat1_Cell_00549","Oligo"
"Dat1_Cell_00551","eL4"
"Dat1_Cell_00554","eL5"
"Dat1_Cell_00555","eL4"
"Dat1_Cell_00556","eL4"
"Dat1_Cell_00557","eL4"
"Dat1_Cell_00558","eL6"
"Dat1_Cell_00562","eL4"
"Dat1_Cell_00564","eL2/3"
"Dat1_Cell_00565","eL6"
"Dat1_Cell_00566","eL6"
"Dat1_Cell_00567","Oligo"
"Dat1_Cell_00568","eL4"
"Dat1_Cell_00570","eL6"
"Dat1_Cell_00572","eL4"
"Dat1_Cell_00574","eL4"
"Dat1_Cell_00576","eL2/3"
"Dat1_Cell_00577","eL6"
"Dat1_Cell_00579","eL2/3"
"Dat1_Cell_00581","eL4"
"Dat1_Cell_00583","eL2/3"
"Dat1_Cell_00584","eL2/3"
"Dat1_Cell_00587","Oligo"
"Dat1_Cell_00588","eL4"
"Dat1_Cell_00590","eL6"
"Dat1_Cell_00591","eL5"
"Dat1_Cell_00593","eL2/3"
"Dat1_Cell_00595","eL5"
"Dat1_Cell_00598","eL2/3"
"Dat1_Cell_00599","eL2/3"
"Dat1_Cell_00600","eL6"
"Dat1_Cell_00601","eL5"
"Dat1_Cell_00603","Oligo"
"Dat1_Cell_00604","eL2/3"
"Dat1_Cell_00605","eL2/3"
"Dat1_Cell_00606","Oligo"
"Dat1_Cell_00610","eL4"
"Dat1_Cell_00611","eL2/3"
"Dat1_Cell_00612","eL2/3"
"Dat1_Cell_00613","eL6"
"Dat1_Cell_00614","eL6"
"Dat1_Cell_00619","Oligo"
"Dat1_Cell_00620","eL6"
"Dat1_Cell_00621","eL6"
"Dat1_Cell_00622","eL2/3"
"Dat1_Cell_00624","eL2/3"
"Dat1_Cell_00625","eL2/3"
"Dat1_Cell_00626","eL4"
"Dat1_Cell_00629","Oligo"
"Dat1_Cell_00630","Oligo"
"Dat1_Cell_00631","eL2/3"
"Dat1_Cell_00633","Oligo"
"Dat1_Cell_00634","eL6"
"Dat1_Cell_00636","Oligo"
"Dat1_Cell_00637","eL4"
"Dat1_Cell_00638","eL2/3"
"Dat1_Cell_00641","eL4"
"Dat1_Cell_00642","eL4"
"Dat1_Cell_00643","eL4"
"Dat1_Cell_00645","Oligo"
"Dat1_Cell_00647","eL4"
"Dat1_Cell_00648","eL4"
"Dat1_Cell_00650","eL5"
"Dat1_Cell_00651","Oligo"
"Dat1_Cell_00652","eL4"
"Dat1_Cell_00654","Oligo"
"Dat1_Cell_00655","eL5"
"Dat1_Cell_00657","Oligo"
"Dat1_Cell_00658","Oligo"
"Dat1_Cell_00661","eL4"
"Dat1_Cell_00662","eL6"
"Dat1_Cell_00664","eL6"
"Dat1_Cell_00665","eL6"
"Dat1_Cell_00667","eL2/3"
"Dat1_Cell_00669","Oligo"
"Dat1_Cell_00671","eL2/3"
"Dat1_Cell_00672","Oligo"
"Dat1_Cell_00676","eL6"
"Dat1_Cell_00677","eL4"
"Dat1_Cell_00678","eL4"
"Dat1_Cell_00679","Oligo"
"Dat1_Cell_00680","eL6"
"Dat1_Cell_00681","eL4"
"Dat1_Cell_00683","Oligo"
"Dat1_Cell_00684","eL2/3"
"Dat1_Cell_00685","eL4"
"Dat1_Cell_00687","eL4"
"Dat1_Cell_00688","eL6"
"Dat1_Cell_00689","Oligo"
"Dat1_Cell_00692","eL6"
"Dat1_Cell_00693","eL4"
"Dat1_Cell_00694","Oligo"
"Dat1_Cell_00696","eL2/3"
"Dat1_Cell_00699","eL6"
"Dat1_Cell_00700","eL5"
"Dat1_Cell_00704","eL4"
"Dat1_Cell_00705","eL2/3"
"Dat1_Cell_00710","Oligo"
"Dat1_Cell_00713","eL6"
"Dat1_Cell_00714","Oligo"
"Dat1_Cell_00715","Oligo"
"Dat1_Cell_00716","eL4"
"Dat1_Cell_00719","eL6"
"Dat1_Cell_00720","eL5"
"Dat1_Cell_00722","eL4"
"Dat1_Cell_00723","eL6"
"Dat1_Cell_00725","eL6"
"Dat1_Cell_00728","eL6"
"Dat1_Cell_00730","Oligo"
"Dat1_Cell_00732","eL4"
"Dat1_Cell_00737","eL2/3"
"Dat1_Cell_00738","Oligo"
"Dat1_Cell_00739","eL4"
"Dat1_Cell_00742","eL4"
"Dat1_Cell_00743","Oligo"
"Dat1_Cell_00744","eL6"
"Dat1_Cell_00745","eL4"
"Dat1_Cell_00746","eL5"
"Dat1_Cell_00747","eL5"
"Dat1_Cell_00750","Oligo"
"Dat1_Cell_00751","Oligo"
"Dat1_Cell_00752","eL2/3"
"Dat1_Cell_00753","eL4"
"Dat1_Cell_00755","Oligo"
"Dat1_Cell_00761","eL4"
"Dat1_Cell_00762","eL4"
"Dat1_Cell_00763","Oligo"
"Dat1_Cell_00764","eL4"
"Dat1_Cell_00765","eL6"
"Dat1_Cell_00767","eL4"
"Dat1_Cell_00768","eL2/3"
"Dat1_Cell_00771","eL4"
"Dat1_Cell_00774","eL4"
"Dat1_Cell_00775","eL6"
"Dat1_Cell_00777","eL2/3"
"Dat1_Cell_00778","eL2/3"
"Dat1_Cell_00779","eL2/3"
"Dat1_Cell_00781","eL6"
"Dat1_Cell_00784","eL4"
"Dat1_Cell_00786","eL6"
"Dat1_Cell_00788","eL5"
"Dat1_Cell_00789","eL4"
"Dat1_Cell_00792","eL5"
"Dat1_Cell_00793","Oligo"
"Dat1_Cell_00795","eL4"
"Dat1_Cell_00797","eL2/3"
"Dat1_Cell_00798","eL2/3"
"Dat1_Cell_00799","eL5"
"Dat1_Cell_00800","eL2/3"
"Dat1_Cell_00801","Oligo"
"Dat1_Cell_00802","eL6"
"Dat1_Cell_00803","eL4"
"Dat1_Cell_00804","eL2/3"
"Dat1_Cell_00805","eL6"
"Dat1_Cell_00806","eL4"
"Dat1_Cell_00807","eL2/3"
"Dat1_Cell_00809","eL4"
"Dat1_Cell_00812","eL5"
"Dat1_Cell_00813","eL4"
"Dat1_Cell_00814","eL5"
"Dat1_Cell_00815","eL2/3"
"Dat1_Cell_00818","eL4"
"Dat1_Cell_00819","Oligo"
"Dat1_Cell_00821","eL2/3"
"Dat1_Cell_00822","eL2/3"
"Dat1_Cell_00823","Oligo"
"Dat1_Cell_00824","Oligo"
"Dat1_Cell_00827","eL4"
"Dat1_Cell_00828","eL6"
"Dat1_Cell_00830","eL2/3"
"Dat1_Cell_00832","eL6"
"Dat1_Cell_00836","eL6"
"Dat1_Cell_00837","eL6"
"Dat1_Cell_00838","eL2/3"
"Dat1_Cell_00840","eL2/3"
"Dat1_Cell_00842","Oligo"
"Dat1_Cell_00843","eL6"
"Dat1_Cell_00845","eL4"
"Dat1_Cell_00847","eL2/3"
"Dat1_Cell_00850","eL5"
"Dat1_Cell_00855","eL6"
"Dat1_Cell_00856","eL4"
"Dat1_Cell_00859","eL6"
"Dat1_Cell_00860","eL4"
"Dat1_Cell_00861","eL4"
"Dat1_Cell_00863","eL6"
"Dat1_Cell_00865","Oligo"
"Dat1_Cell_00866","eL4"
"Dat1_Cell_00867","eL6"
"Dat1_Cell_00868","eL2/3"
"Dat1_Cell_00869","eL2/3"
"Dat1_Cell_00871","Oligo"
"Dat1_Cell_00873","eL2/3"
"Dat1_Cell_00874","Oligo"
"Dat1_Cell_00875","eL4"
"Dat1_Cell_00878","eL6"
"Dat1_Cell_00879","eL6"
"Dat1_Cell_00881","eL5"
"Dat1_Cell_00882","eL4"
"Dat1_Cell_00884","Oligo"
"Dat1_Cell_00886","eL2/3"
"Dat1_Cell_00887","eL4"
"Dat1_Cell_00889","eL4"
"Dat1_Cell_00890","Oligo"
"Dat1_Cell_00891","eL4"
"Dat1_Cell_00892","eL2/3"
"Dat1_Cell_00893","Oligo"
"Dat1_Cell_00897","Oligo"
"Dat1_Cell_00900","Oligo"
"Dat1_Cell_00902","eL6"
"Dat1_Cell_00903","Oligo"
"Dat1_Cell_00904","eL6"
"Dat1_Cell_00905","eL6"
"Dat1_Cell_00906","eL6"
"Dat1_Cell_00907","eL5"
"Dat1_Cell_00908","eL2/3"
"Dat1_Cell_00910","eL6"
"Dat1_Cell_00911","eL4"
"Dat1_Cell_00912","eL2/3"
"Dat1_Cell_00913","Oligo"
"Dat1_Cell_00914","Oligo"
"Dat1_Cell_00915","Oligo"
"Dat1_Cell_00916","eL2/3"
"Dat1_Cell_00917","eL4"
"Dat1_Cell_00918","eL2/3"
"Dat1_Cell_00921","eL2/3"
"Dat1_Cell_00923","eL5"
"Dat1_Cell_00924","eL4"
"Dat1_Cell_00925","eL2/3"
"Dat1_Cell_00928","eL4"
"Dat1_Cell_00930","eL5"
"Dat1_Cell_00931","Oligo"
"Dat1_Cell_00933","eL4"
"Dat1_Cell_00934","Oligo"
"Dat1_Cell_00935","eL2/3"
"Dat1_Cell_00937","eL2/3"
"Dat1_Cell_00939","eL2/3"
"Dat1_Cell_00940","Oligo"
"Dat1_Cell_00943","eL6"
"Dat1_Cell_00944","eL6"
"Dat1_Cell_00945","eL4"
"Dat1_Cell_00947","eL2/3"
"Dat1_Cell_00948","eL6"
"Dat1_Cell_00949","eL2/3"
"Dat1_Cell_00951","eL6"
"Dat1_Cell_00952","eL2/3"
"Dat1_Cell_00954","Oligo"
"Dat1_Cell_00956","eL5"
"Dat1_Cell_00957","Oligo"
"Dat1_Cell_00958","eL4"
"Dat1_Cell_00959","eL4"
"Dat1_Cell_00960","eL4"
"Dat1_Cell_00961","eL6"
"Dat1_Cell_00962","eL4"
"Dat1_Cell_00963","eL4"
"Dat1_Cell_00965","eL2/3"
"Dat1_Cell_00967","Oligo"
"Dat1_Cell_00969","eL6"
"Dat1_Cell_00970","eL6"
"Dat1_Cell_00972","eL4"
"Dat1_Cell_00976","Oligo"
"Dat1_Cell_00977","eL6"
"Dat1_Cell_00979","eL5"
"Dat1_Cell_00980","eL6"
"Dat1_Cell_00982","eL2/3"
"Dat1_Cell_00984","eL4"
"Dat1_Cell_00986","eL4"
"Dat1_Cell_00988","eL6"
"Dat1_Cell_00992","eL2/3"
"Dat1_Cell_00993","eL6"
"Dat1_Cell_00996","eL4"
"Dat1_Cell_00998","eL6"
"Dat1_Cell_00999","eL5"
"Dat1_Cell_01000","Oligo"
"Dat1_Cell_01001","eL6"
"Dat1_Cell_01002","eL2/3"
"Dat1_Cell_01003","eL6"
"Dat1_Cell_01005","eL6"
"Dat1_Cell_01006","eL4"
"Dat1_Cell_01008","eL6"
"Dat1_Cell_01009","eL4"
"Dat1_Cell_01010","eL4"
"Dat1_Cell_01011","eL6"
"Dat1_Cell_01012","eL4"
"Dat1_Cell_01013","eL2/3"
"Dat1_Cell_01020","eL2/3"
"Dat1_Cell_01021","Oligo"
"Dat1_Cell_01023","eL6"
"Dat1_Cell_01024","eL2/3"
"Dat1_Cell_01025","eL4"
"Dat1_Cell_01026","Oligo"
"Dat1_Cell_01028","eL6"
"Dat1_Cell_01029","Oligo"
"Dat1_Cell_01030","eL4"
"Dat1_Cell_01032","eL4"
"Dat1_Cell_01033","eL4"
"Dat1_Cell_01034","Oligo"
"Dat1_Cell_01035","eL6"
"Dat1_Cell_01036","eL2/3"
"Dat1_Cell_01037","eL2/3"
"Dat1_Cell_01040","Oligo"
"Dat1_Cell_01041","eL4"
"Dat1_Cell_01042","Oligo"
"Dat1_Cell_01045","eL4"
"Dat1_Cell_01046","eL6"
"Dat1_Cell_01047","eL4"
"Dat1_Cell_01048","eL2/3"
"Dat1_Cell_01049","eL2/3"
"Dat1_Cell_01051","eL5"
"Dat1_Cell_01052","eL4"
"Dat1_Cell_01053","eL6"
"Dat1_Cell_01054","eL6"
"Dat1_Cell_01055","eL6"
"Dat1_Cell_01058","eL6"
"Dat1_Cell_01062","eL6"
"Dat1_Cell_01064","eL2/3"
"Dat1_Cell_01065","eL6"
"Dat1_Cell_01067","eL6"
"Dat1_Cell_01068","Oligo"
"Dat1_Cell_01070","eL2/3"
"Dat1_Cell_01071","Oligo"
"Dat1_Cell_01072","eL6"
"Dat1_Cell_01074","eL6"
"Dat1_Cell_01075","eL5"
"Dat1_Cell_01076","eL6"
"Dat1_Cell_01078","Oligo"
"Dat1_Cell_01086","eL2/3"
"Dat1_Cell_01087","Oligo"
"Dat1_Cell_01089","eL6"
"Dat1_Cell_01090","eL2/3"
"Dat1_Cell_01093","eL6"
"Dat1_Cell_01094","Oligo"
"Dat1_Cell_01095","eL6"
"Dat1_Cell_01096","Oligo"
"Dat1_Cell_01097","eL6"
"Dat1_Cell_01098","eL5"
"Dat1_Cell_01099","eL4"
"Dat1_Cell_01100","eL2/3"
"Dat1_Cell_01101","eL2/3"
"Dat1_Cell_01102","eL6"
"Dat1_Cell_01103","eL6"
"Dat1_Cell_01104","eL2/3"
"Dat1_Cell_01106","eL4"
"Dat1_Cell_01107","eL6"
"Dat1_Cell_01108","eL6"
"Dat1_Cell_01113","eL2/3"
"Dat1_Cell_01114","eL4"
"Dat1_Cell_01115","eL6"
"Dat1_Cell_01116","eL6"
"Dat1_Cell_01117","eL2/3"
"Dat1_Cell_01118","eL6"
"Dat1_Cell_01119","eL4"
"Dat1_Cell_01120","Oligo"
"Dat1_Cell_01121","eL6"
"Dat1_Cell_01125","Oligo"
"Dat1_Cell_01127","eL2/3"
"Dat1_Cell_01129","eL4"
"Dat1_Cell_01131","eL5"
"Dat1_Cell_01133","eL2/3"
"Dat1_Cell_01134","eL5"
"Dat1_Cell_01135","Oligo"
"Dat1_Cell_01136","eL4"
"Dat1_Cell_01137","eL6"
"Dat1_Cell_01139","eL2/3"
"Dat1_Cell_01141","eL4"
"Dat1_Cell_01142","eL2/3"
"Dat1_Cell_01144","eL4"
"Dat1_Cell_01145","eL4"
"Dat1_Cell_01146","eL6"
"Dat1_Cell_01147","eL5"
"Dat1_Cell_01149","eL2/3"
"Dat1_Cell_01151","eL6"
"Dat1_Cell_01152","eL4"
"Dat1_Cell_01155","eL2/3"
"Dat1_Cell_01156","eL2/3"
"Dat1_Cell_01158","eL6"
"Dat1_Cell_01159","eL4"
"Dat1_Cell_01162","eL4"
"Dat1_Cell_01163","eL4"
"Dat1_Cell_01164","eL5"
"Dat1_Cell_01165","eL4"
"Dat1_Cell_01168","Oligo"
"Dat1_Cell_01169","eL4"
"Dat1_Cell_01171","eL6"
"Dat1_Cell_01173","eL6"
"Dat1_Cell_01178","Oligo"
"Dat1_Cell_01180","eL6"
"Dat1_Cell_01181","eL4"
"Dat1_Cell_01183","eL6"
"Dat1_Cell_01184","Oligo"
"Dat1_Cell_01185","eL5"
"Dat1_Cell_01187","eL2/3"
"Dat1_Cell_01188","eL6"
"Dat1_Cell_01189","eL2/3"
"Dat1_Cell_01190","eL6"
"Dat1_Cell_01191","eL6"
"Dat1_Cell_01192","eL2/3"
"Dat1_Cell_01194","Oligo"
"Dat1_Cell_01195","eL2/3"
"Dat1_Cell_01199","eL2/3"
"Dat1_Cell_01201","eL6"
"Dat1_Cell_01202","eL4"
"Dat1_Cell_01203","Oligo"
"Dat1_Cell_01204","eL2/3"
"Dat1_Cell_01205","eL6"
"Dat1_Cell_01206","eL2/3"
"Dat1_Cell_01207","eL6"
"Dat1_Cell_01209","eL4"
"Dat1_Cell_01212","eL2/3"
"Dat1_Cell_01213","eL4"
"Dat1_Cell_01214","eL4"
"Dat1_Cell_01215","eL2/3"
"Dat1_Cell_01219","eL2/3"
"Dat1_Cell_01220","eL6"
"Dat1_Cell_01221","eL2/3"
"Dat1_Cell_01222","eL2/3"
"Dat1_Cell_01223","eL4"
"Dat1_Cell_01224","Oligo"
"Dat1_Cell_01226","eL4"
"Dat1_Cell_01227","Oligo"
"Dat1_Cell_01228","eL5"
"Dat1_Cell_01229","Oligo"
"Dat1_Cell_01231","eL2/3"
"Dat1_Cell_01233","Oligo"
"Dat1_Cell_01236","eL6"
"Dat1_Cell_01238","Oligo"
"Dat1_Cell_01240","eL6"
"Dat1_Cell_01242","eL6"
"Dat1_Cell_01243","eL5"
"Dat1_Cell_01245","eL2/3"
"Dat1_Cell_01246","eL6"
"Dat1_Cell_01247","eL5"
"Dat1_Cell_01250","eL6"
"Dat1_Cell_01253","Oligo"
"Dat1_Cell_01256","Oligo"
"Dat1_Cell_01258","eL6"
"Dat1_Cell_01259","eL6"
"Dat1_Cell_01260","eL5"
"Dat1_Cell_01261","eL2/3"
"Dat1_Cell_01263","eL4"
"Dat1_Cell_01264","eL2/3"
"Dat1_Cell_01265","Oligo"
"Dat1_Cell_01266","eL2/3"
"Dat1_Cell_01268","eL2/3"
"Dat1_Cell_01269","eL4"
"Dat1_Cell_01270","eL6"
"Dat1_Cell_01273","eL4"
"Dat1_Cell_01274","eL2/3"
"Dat1_Cell_01275","eL2/3"
"Dat1_Cell_01276","eL2/3"
"Dat1_Cell_01277","Oligo"
"Dat1_Cell_01278","eL6"
"Dat1_Cell_01279","eL4"
"Dat1_Cell_01282","eL6"
"Dat1_Cell_01283","eL4"
"Dat1_Cell_01287","eL5"
"Dat1_Cell_01288","eL6"
"Dat1_Cell_01289","eL6"
"Dat1_Cell_01292","eL4"
"Dat1_Cell_01293","eL6"
"Dat1_Cell_01294","eL2/3"
"Dat1_Cell_01296","eL6"
"Dat1_Cell_01298","eL6"
"Dat1_Cell_01299","eL4"
"Dat1_Cell_01302","Oligo"
"Dat1_Cell_01304","eL4"
"Dat1_Cell_01305","eL2/3"
"Dat1_Cell_01306","Oligo"
"Dat1_Cell_01307","eL5"
"Dat1_Cell_01308","eL6"
"Dat1_Cell_01309","eL5"
"Dat1_Cell_01311","eL6"
"Dat1_Cell_01316","eL6"
"Dat1_Cell_01318","Oligo"
"Dat1_Cell_01319","Oligo"
"Dat1_Cell_01320","eL2/3"
"Dat1_Cell_01321","Oligo"
"Dat1_Cell_01322","Oligo"
"Dat1_Cell_01323","eL4"
"Dat1_Cell_01325","eL4"
"Dat1_Cell_01326","eL6"
"Dat1_Cell_01329","eL6"
"Dat1_Cell_01331","eL2/3"
"Dat1_Cell_01332","Oligo"
"Dat1_Cell_01333","eL4"
"Dat1_Cell_01334","eL2/3"
"Dat1_Cell_01335","eL6"
"Dat1_Cell_01336","eL2/3"
"Dat1_Cell_01337","eL2/3"
"Dat1_Cell_01341","eL4"
"Dat1_Cell_01346","Oligo"
"Dat1_Cell_01347","eL2/3"
"Dat1_Cell_01348","eL4"
"Dat1_Cell_01349","eL2/3"
"Dat1_Cell_01350","eL2/3"
"Dat1_Cell_01351","Oligo"
"Dat1_Cell_01352","eL4"
"Dat1_Cell_01353","eL6"
"Dat1_Cell_01354","eL5"
"Dat1_Cell_01355","eL6"
"Dat1_Cell_01356","eL4"
"Dat1_Cell_01358","eL2/3"
"Dat1_Cell_01359","Oligo"
"Dat1_Cell_01360","eL6"
"Dat1_Cell_01362","Oligo"
"Dat1_Cell_01363","eL6"
"Dat1_Cell_01364","eL4"
"Dat1_Cell_01367","eL2/3"
"Dat1_Cell_01369","eL6"
"Dat1_Cell_01370","eL6"
"Dat1_Cell_01372","Oligo"
"Dat1_Cell_01376","Oligo"
"Dat1_Cell_01377","eL4"
"Dat1_Cell_01378","Oligo"
"Dat1_Cell_01379","eL5"
"Dat1_Cell_01380","eL2/3"
"Dat1_Cell_01381","eL6"
"Dat1_Cell_01382","eL6"
"Dat1_Cell_01384","eL4"
"Dat2_Cell_00000","eL2/3"
"Dat2_Cell_00001","eL6"
"Dat2_Cell_00004","eL6"
"Dat2_Cell_00005","eL2/3"
"Dat2_Cell_00014","eL6"
"Dat2_Cell_00016","eL6"
"Dat2_Cell_00017","eL4"
"Dat2_Cell_00018","eL2/3"
"Dat2_Cell_00020","eL2/3"
"Dat2_Cell_00023","eL4"
"Dat2_Cell_00024","eL6"
"Dat2_Cell_00025","eL6"
"Dat2_Cell_00028","eL4"
"Dat2_Cell_00029","Oligo"
"Dat2_Cell_00030","eL6"
"Dat2_Cell_00033","Oligo"
"Dat2_Cell_00034","eL5"
"Dat2_Cell_00035","eL5"
"Dat2_Cell_00037","eL6"
"Dat2_Cell_00040","Oligo"
"Dat2_Cell_00042","eL2/3"
"Dat2_Cell_00043","eL4"
"Dat2_Cell_00044","eL6"
"Dat2_Cell_00045","eL6"
"Dat2_Cell_00048","eL5"
"Dat2_Cell_00050","eL6"
"Dat2_Cell_00051","eL6"
"Dat2_Cell_00055","eL4"
"Dat2_Cell_00058","Oligo"
"Dat2_Cell_00059","eL6"
"Dat2_Cell_00061","Oligo"
"Dat2_Cell_00063","eL2/3"
"Dat2_Cell_00065","Oligo"
"Dat2_Cell_00066","eL4"
"Dat2_Cell_00068","eL6"
"Dat2_Cell_00069","eL5"
"Dat2_Cell_00070","eL4"
"Dat2_Cell_00071","eL2/3"
"Dat2_Cell_00072","eL6"
"Dat2_Cell_00073","eL2/3"
"Dat2_Cell_00075","eL6"
"Dat2_Cell_00078","eL6"
"Dat2_Cell_00079","eL4"
"Dat2_Cell_00080","eL4"
"Dat2_Cell_00082","eL6"
"Dat2_Cell_00084","eL2/3"
"Dat2_Cell_00085","eL6"
"Dat2_Cell_00088","eL6"
"Dat2_Cell_00090","eL5"
"Dat2_Cell_00091","eL6"
"Dat2_Cell_00092","eL4"
"Dat2_Cell_00093","eL6"
"Dat2_Cell_00094","eL4"
"Dat2_Cell_00095","eL5"
"Dat2_Cell_00096","eL5"
"Dat2_Cell_00097","eL4"
"Dat2_Cell_00098","Oligo"
"Dat2_Cell_00099","eL6"
"Dat2_Cell_00103","eL6"
"Dat2_Cell_00104","Oligo"
"Dat2_Cell_00106","eL2/3"
"Dat2_Cell_00108","eL2/3"
"Dat2_Cell_00109","eL2/3"
"Dat2_Cell_00110","eL4"
"Dat2_Cell_00111","eL4"
"Dat2_Cell_00112","Oligo"
"Dat2_Cell_00113","eL6"
"Dat2_Cell_00114","Oligo"
"Dat2_Cell_00115","eL4"
"Dat2_Cell_00116","eL6"
"Dat2_Cell_00117","eL5"
"Dat2_Cell_00119","Oligo"
"Dat2_Cell_00120","Oligo"
"Dat2_Cell_00122","eL6"
"Dat2_Cell_00124","eL4"
"Dat2_Cell_00125","eL4"
"Dat2_Cell_00126","eL6"
"Dat2_Cell_00129","eL6"
"Dat2_Cell_00130","eL4"
"Dat2_Cell_00132","eL6"
"Dat2_Cell_00133","eL2/3"
"Dat2_Cell_00134","eL6"
"Dat2_Cell_00137","Oligo"
"Dat2_Cell_00138","eL2/3"
"Dat2_Cell_00139","eL2/3"
"Dat2_Cell_00140","eL4"
"Dat2_Cell_00141","Oligo"
"Dat2_Cell_00142","eL6"
"Dat2_Cell_00144","Oligo"
"Dat2_Cell_00147","eL4"
"Dat2_Cell_00149","eL2/3"
"Dat2_Cell_00152","eL4"
"Dat2_Cell_00154","Oligo"
"Dat2_Cell_00155","Oligo"
"Dat2_Cell_00157","Oligo"
"Dat2_Cell_00158","Oligo"
"Dat2_Cell_00159","eL4"
"Dat2_Cell_00160","eL2/3"
"Dat2_Cell_00161","eL5"
"Dat2_Cell_00162","eL4"
"Dat2_Cell_00163","Oligo"
"Dat2_Cell_00164","Oligo"
"Dat2_Cell_00171","eL4"
"Dat2_Cell_00174","Oligo"
"Dat2_Cell_00175","eL6"
"Dat2_Cell_00177","eL2/3"
"Dat2_Cell_00179","Oligo"
"Dat2_Cell_00180","eL6"
"Dat2_Cell_00181","eL4"
"Dat2_Cell_00182","Oligo"
"Dat2_Cell_00183","eL4"
"Dat2_Cell_00185","eL2/3"
"Dat2_Cell_00186","eL6"
"Dat2_Cell_00187","eL4"
"Dat2_Cell_00190","eL4"
"Dat2_Cell_00191","eL2/3"
"Dat2_Cell_00193","eL6"
"Dat2_Cell_00194","eL4"
"Dat2_Cell_00195","eL6"
"Dat2_Cell_00196","eL4"
"Dat2_Cell_00197","eL2/3"
"Dat2_Cell_00202","Oligo"
"Dat2_Cell_00203","eL2/3"
"Dat2_Cell_00208","eL4"
"Dat2_Cell_00211","eL4"
"Dat2_Cell_00212","eL6"
"Dat2_Cell_00213","eL2/3"
"Dat2_Cell_00215","eL6"
"Dat2_Cell_00216","eL5"
"Dat2_Cell_00217","eL6"
"Dat2_Cell_00220","eL4"
"Dat2_Cell_00223","Oligo"
"Dat2_Cell_00225","eL2/3"
"Dat2_Cell_00227","eL4"
"Dat2_Cell_00228","eL2/3"
"Dat2_Cell_00229","eL4"
"Dat2_Cell_00231","eL4"
"Dat2_Cell_00234","Oligo"
"Dat2_Cell_00235","eL4"
"Dat2_Cell_00239","eL4"
"Dat2_Cell_00240","Oligo"
"Dat2_Cell_00243","eL2/3"
"Dat2_Cell_00244","eL4"
"Dat2_Cell_00245","Oligo"
"Dat2_Cell_00249","Oligo"
"Dat2_Cell_00251","eL4"
"Dat2_Cell_00255","eL4"
"Dat2_Cell_00256","eL2/3"
"Dat2_Cell_00257","eL2/3"
"Dat2_Cell_00260","eL2/3"
"Dat2_Cell_00262","Oligo"
"Dat2_Cell_00266","eL4"
"Dat2_Cell_00267","eL2/3"
"Dat2_Cell_00268","Oligo"
"Dat2_Cell_00270","Oligo"
"Dat2_Cell_00283","Oligo"
"Dat2_Cell_00284","eL6"
"Dat2_Cell_00287","eL2/3"
"Dat2_Cell_00289","eL6"
"Dat2_Cell_00291","Oligo"
"Dat2_Cell_00292","eL4"
"Dat2_Cell_00294","Oligo"
"Dat2_Cell_00295","eL2/3"
"Dat2_Cell_00296","eL4"
"Dat2_Cell_00299","Oligo"
"Dat2_Cell_00303","Oligo"
"Dat2_Cell_00305","Oligo"
"Dat2_Cell_00306","eL4"
"Dat2_Cell_00307","eL4"
"Dat2_Cell_00310","eL6"
"Dat2_Cell_00311","Oligo"
"Dat2_Cell_00312","eL4"
"Dat2_Cell_00313","eL2/3"
"Dat2_Cell_00314","Oligo"
"Dat2_Cell_00317","eL6"
"Dat2_Cell_00318","eL4"
"Dat2_Cell_00319","eL4"
"Dat2_Cell_00320","eL6"
"Dat2_Cell_00322","eL6"
"Dat2_Cell_00325","eL2/3"
"Dat2_Cell_00326","Oligo"
"Dat2_Cell_00329","eL4"
"Dat2_Cell_00332","eL6"
"Dat2_Cell_00336","Oligo"
"Dat2_Cell_00338","eL2/3"
"Dat2_Cell_00343","Oligo"
"Dat2_Cell_00344","eL2/3"
"Dat2_Cell_00345","eL2/3"
"Dat2_Cell_00347","eL5"
"Dat2_Cell_00349","eL6"
"Dat2_Cell_00350","eL2/3"
"Dat2_Cell_00353","eL5"
"Dat2_Cell_00354","eL4"
"Dat2_Cell_00355","eL4"
"Dat2_Cell_00357","Oligo"
"Dat2_Cell_00361","Oligo"
"Dat2_Cell_00362","Oligo"
"Dat2_Cell_00363","eL6"
"Dat2_Cell_00364","eL4"
"Dat2_Cell_00365","eL4"
"Dat2_Cell_00366","eL2/3"
"Dat2_Cell_00367","eL4"
"Dat2_Cell_00372","eL4"
"Dat2_Cell_00373","eL2/3"
"Dat2_Cell_00374","eL4"
"Dat2_Cell_00376","Oligo"
"Dat2_Cell_00377","eL6"
"Dat2_Cell_00378","eL6"
"Dat2_Cell_00379","eL6"
"Dat2_Cell_00381","eL5"
"Dat2_Cell_00384","eL6"
"Dat2_Cell_00386","Oligo"
"Dat2_Cell_00388","eL5"
"Dat2_Cell_00389","eL2/3"
"Dat2_Cell_00390","eL2/3"
"Dat2_Cell_00391","Oligo"
"Dat2_Cell_00392","eL6"
"Dat2_Cell_00393","Oligo"
"Dat2_Cell_00395","eL4"
"Dat2_Cell_00396","eL6"
"Dat2_Cell_00397","eL4"
"Dat2_Cell_00399","eL2/3"
"Dat2_Cell_00400","Oligo"
"Dat2_Cell_00401","eL6"
"Dat2_Cell_00404","eL2/3"
"Dat2_Cell_00405","eL6"
"Dat2_Cell_00407","eL4"
"Dat2_Cell_00408","Oligo"
"Dat2_Cell_00409","eL2/3"
"Dat2_Cell_00412","eL2/3"
"Dat2_Cell_00414","eL6"
"Dat2_Cell_00415","eL4"
"Dat2_Cell_00416","eL5"
"Dat2_Cell_00418","eL2/3"
"Dat2_Cell_00419","eL2/3"
"Dat2_Cell_00420","eL2/3"
"Dat2_Cell_00421","eL6"
"Dat2_Cell_00423","eL5"
"Dat2_Cell_00424","eL5"
"Dat2_Cell_00429","Oligo"
"Dat2_Cell_00430","eL6"
"Dat2_Cell_00431","eL5"
"Dat2_Cell_00433","Oligo"
"Dat2_Cell_00434","Oligo"
"Dat2_Cell_00435","Oligo"
"Dat2_Cell_00436","eL4"
"Dat2_Cell_00439","eL2/3"
"Dat2_Cell_00440","eL4"
"Dat2_Cell_00442","eL6"
"Dat2_Cell_00443","eL5"
"Dat2_Cell_00444","eL2/3"
"Dat2_Cell_00447","eL4"
"Dat2_Cell_00448","Oligo"
"Dat2_Cell_00449","eL4"
"Dat2_Cell_00450","eL2/3"
"Dat2_Cell_00452","eL6"
"Dat2_Cell_00456","Oligo"
"Dat2_Cell_00458","eL2/3"
"Dat2_Cell_00461","Oligo"
"Dat2_Cell_00462","eL6"
"Dat2_Cell_00463","eL5"
"Dat2_Cell_00466","eL2/3"
"Dat2_Cell_00467","eL6"
"Dat2_Cell_00468","eL2/3"
"Dat2_Cell_00471","Oligo"
"Dat2_Cell_00472","Oligo"
"Dat2_Cell_00473","eL6"
"Dat2_Cell_00474","eL6"
"Dat2_Cell_00475","eL2/3"
"Dat2_Cell_00476","eL4"
"Dat2_Cell_00477","eL4"
"Dat2_Cell_00478","eL2/3"
"Dat2_Cell_00481","eL6"
"Dat2_Cell_00483","eL2/3"
"Dat2_Cell_00484","eL6"
"Dat2_Cell_00487","Oligo"
"Dat2_Cell_00488","eL6"
"Dat2_Cell_00489","eL6"
"Dat2_Cell_00490","eL4"
"Dat2_Cell_00491","eL2/3"
"Dat2_Cell_00492","Oligo"
"Dat2_Cell_00495","Oligo"
"Dat2_Cell_00496","eL4"
"Dat2_Cell_00497","eL4"
"Dat2_Cell_00501","Oligo"
"Dat2_Cell_00503","eL6"
"Dat2_Cell_00506","eL4"
"Dat2_Cell_00508","eL6"
"Dat2_Cell_00510","Oligo"
"Dat2_Cell_00513","eL4"
"Dat2_Cell_00516","eL4"
"Dat2_Cell_00519","Oligo"
"Dat2_Cell_00523","eL6"
"Dat2_Cell_00524","eL6"
"Dat2_Cell_00525","eL4"
"Dat2_Cell_00526","eL2/3"
"Dat2_Cell_00529","eL4"
"Dat2_Cell_00530","eL4"
"Dat2_Cell_00532","Oligo"
"Dat2_Cell_00535","eL2/3"
"Dat2_Cell_00536","eL5"
"Dat2_Cell_00537","eL4"
"Dat2_Cell_00538","eL4"
"Dat2_Cell_00539","eL2/3"
"Dat2_Cell_00542","eL5"
"Dat2_Cell_00544","eL5"
"Dat2_Cell_00545","eL2/3"
"Dat2_Cell_00546","eL4"
"Dat2_Cell_00549","eL4"
"Dat2_Cell_00550","eL4"
"Dat2_Cell_00552","eL6"
"Dat2_Cell_00553","Oligo"
"Dat2_Cell_00554","eL6"
"Dat2_Cell_00556","Oligo"
"Dat2_Cell_00558","eL4"
"Dat2_Cell_00560","eL6"
"Dat2_Cell_00561","eL2/3"
"Dat2_Cell_00562","eL4"
"Dat2_Cell_00565","Oligo"
"Dat2_Cell_00566","eL6"
"Dat2_Cell_00567","Oligo"
"Dat2_Cell_00568","eL2/3"
"Dat2_Cell_00569","eL2/3"
"Dat2_Cell_00571","eL5"
"Dat2_Cell_00572","eL4"
"Dat2_Cell_00573","Oligo"
"Dat2_Cell_00575","eL4"
"Dat2_Cell_00576","eL4"
"Dat2_Cell_00577","eL2/3"
"Dat2_Cell_00578","eL5"
"Dat2_Cell_00581","eL5"
"Dat2_Cell_00583","eL4"
"Dat2_Cell_00584","eL6"
"Dat2_Cell_00585","eL2/3"
"Dat2_Cell_00593","eL4"
"Dat2_Cell_00594","Oligo"
"Dat2_Cell_00596","Oligo"
"Dat2_Cell_00597","eL2/3"
"Dat2_Cell_00598","Oligo"
"Dat2_Cell_00599","eL4"
"Dat2_Cell_00604","eL6"
"Dat2_Cell_00605","eL4"
"Dat2_Cell_00606","eL4"
"Dat2_Cell_00607","eL4"
"Dat2_Cell_00611","Oligo"
"Dat2_Cell_00613","eL6"
"Dat2_Cell_00614","eL6"
"Dat2_Cell_00615","eL4"
"Dat2_Cell_00616","eL2/3"
"Dat2_Cell_00617","Oligo"
"Dat2_Cell_00619","eL6"
"Dat2_Cell_00626","Oligo"
"Dat2_Cell_00627","Oligo"
"Dat2_Cell_00628","eL4"
"Dat2_Cell_00629","eL2/3"
"Dat2_Cell_00631","Oligo"
"Dat2_Cell_00632","Oligo"
"Dat2_Cell_00633","eL4"
"Dat2_Cell_00636","Oligo"
"Dat2_Cell_00637","eL5"
"Dat2_Cell_00639","eL4"
"Dat2_Cell_00640","eL6"
"Dat2_Cell_00645","eL4"
"Dat2_Cell_00646","eL4"
"Dat2_Cell_00649","eL2/3"
"Dat2_Cell_00650","Oligo"
"Dat2_Cell_00652","eL6"
"Dat2_Cell_00654","Oligo"
"Dat2_Cell_00655","Oligo"
"Dat2_Cell_00656","eL2/3"
"Dat2_Cell_00657","eL4"
"Dat2_Cell_00658","Oligo"
"Dat2_Cell_00659","eL2/3"
"Dat2_Cell_00660","eL2/3"
"Dat2_Cell_00662","eL5"
"Dat2_Cell_00667","Oligo"
"Dat2_Cell_00669","eL6"
"Dat2_Cell_00671","eL6"
"Dat2_Cell_00672","eL4"
"Dat2_Cell_00673","eL2/3"
"Dat2_Cell_00674","Oligo"
"Dat2_Cell_00676","eL5"
"Dat2_Cell_00677","eL4"
"Dat2_Cell_00678","eL6"
"Dat2_Cell_00679","eL6"
"Dat2_Cell_00682","eL2/3"
"Dat2_Cell_00683","Oligo"
"Dat2_Cell_00686","Oligo"
"Dat2_Cell_00688","eL2/3"
"Dat2_Cell_00689","eL2/3"
"Dat2_Cell_00692","eL5"
"Dat2_Cell_00694","eL5"
"Dat2_Cell_00695","eL4"
"Dat2_Cell_00698","eL2/3"
"Dat2_Cell_00702","eL6"
"Dat2_Cell_00704","eL5"
"Dat2_Cell_00706","eL4"
"Dat2_Cell_00707","Oligo"
"Dat2_Cell_00708","Oligo"
"Dat2_Cell_00709","Oligo"
"Dat2_Cell_00711","eL4"
"Dat2_Cell_00712","eL2/3"
"Dat2_Cell_00714","eL5"
"Dat2_Cell_00715","eL6"
"Dat2_Cell_00716","eL4"
"Dat2_Cell_00717","eL2/3"
"Dat2_Cell_00719","eL2/3"
"Dat2_Cell_00721","Oligo"
"Dat2_Cell_00724","eL6"
"Dat2_Cell_00725","eL2/3"
"Dat2_Cell_00728","eL6"
"Dat2_Cell_00729","eL6"
"Dat2_Cell_00730","eL6"
"Dat2_Cell_00732","eL6"
"Dat2_Cell_00734","Oligo"
"Dat2_Cell_00737","eL6"
"Dat2_Cell_00739","eL6"
"Dat2_Cell_00741","eL2/3"
"Dat2_Cell_00744","Oligo"
"Dat2_Cell_00746","eL4"
"Dat2_Cell_00747","eL2/3"
"Dat2_Cell_00748","eL2/3"
"Dat2_Cell_00749","eL6"
"Dat2_Cell_00751","eL5"
"Dat2_Cell_00753","eL5"
"Dat2_Cell_00754","eL4"
"Dat2_Cell_00755","eL5"
"Dat2_Cell_00756","eL2/3"
"Dat2_Cell_00758","eL6"
"Dat2_Cell_00760","eL6"
"Dat2_Cell_00761","Oligo"
"Dat2_Cell_00762","eL4"
"Dat2_Cell_00763","eL6"
"Dat2_Cell_00764","eL6"
"Dat2_Cell_00765","Oligo"
"Dat2_Cell_00766","eL6"
"Dat2_Cell_00767","eL5"
"Dat2_Cell_00770","eL2/3"
"Dat2_Cell_00773","Oligo"
"Dat2_Cell_00774","eL2/3"
"Dat2_Cell_00776","eL6"
"Dat2_Cell_00777","eL4"
"Dat2_Cell_00778","Oligo"
"Dat2_Cell_00779","eL2/3"
"Dat2_Cell_00780","eL4"
"Dat2_Cell_00781","Oligo"
"Dat2_Cell_00783","eL4"
"Dat2_Cell_00784","Oligo"
"Dat2_Cell_00785","eL2/3"
"Dat2_Cell_00786","eL6"
"Dat2_Cell_00788","eL6"
"Dat2_Cell_00789","eL4"
"Dat2_Cell_00790","eL4"
"Dat2_Cell_00791","eL6"
"Dat2_Cell_00793","eL2/3"
"Dat2_Cell_00794","eL6"
"Dat2_Cell_00797","eL2/3"
"Dat2_Cell_00799","eL4"
"Dat2_Cell_00802","eL2/3"
"Dat2_Cell_00805","Oligo"
"Dat2_Cell_00806","Oligo"
"Dat2_Cell_00807","eL6"
"Dat2_Cell_00808","eL2/3"
"Dat2_Cell_00809","eL4"
"Dat2_Cell_00810","Oligo"
"Dat2_Cell_00812","eL4"
"Dat2_Cell_00813","eL2/3"
"Dat2_Cell_00814","eL5"
"Dat2_Cell_00818","Oligo"
"Dat2_Cell_00819","Oligo"
"Dat2_Cell_00820","eL4"
"Dat2_Cell_00823","eL6"
"Dat2_Cell_00824","eL4"
"Dat2_Cell_00826","Oligo"
"Dat2_Cell_00829","Oligo"
"Dat2_Cell_00830","eL6"
"Dat2_Cell_00834","eL4"
"Dat2_Cell_00835","eL2/3"
"Dat2_Cell_00836","eL6"
"Dat2_Cell_00839","Oligo"
"Dat2_Cell_00840","eL6"
"Dat2_Cell_00841","eL4"
"Dat2_Cell_00843","eL4"
"Dat2_Cell_00845","Oligo"
"Dat2_Cell_00847","Oligo"
"Dat2_Cell_00848","eL6"
"Dat2_Cell_00850","Oligo"
"Dat2_Cell_00851","eL4"
"Dat2_Cell_00852","eL2/3"
"Dat2_Cell_00853","eL2/3"
"Dat2_Cell_00854","eL2/3"
"Dat2_Cell_00855","eL5"
"Dat2_Cell_00859","eL6"
"Dat2_Cell_00861","Oligo"
"Dat2_Cell_00863","eL2/3"
"Dat2_Cell_00867","eL6"
"Dat2_Cell_00868","Oligo"
"Dat2_Cell_00870","eL2/3"
"Dat2_Cell_00875","Oligo"
"Dat2_Cell_00877","eL6"
"Dat2_Cell_00878","eL4"
"Dat2_Cell_00880","eL6"
"Dat2_Cell_00881","eL4"
"Dat2_Cell_00885","eL2/3"
"Dat2_Cell_00890","eL5"
"Dat2_Cell_00892","eL5"
"Dat2_Cell_00893","eL2/3"
"Dat2_Cell_00895","eL4"
"Dat2_Cell_00896","eL2/3"
"Dat2_Cell_00898","eL6"
"Dat2_Cell_00901","eL6"
"Dat2_Cell_00903","eL6"
"Dat2_Cell_00905","eL4"
"Dat2_Cell_00906","eL4"
"Dat2_Cell_00908","eL6"
"Dat2_Cell_00909","eL2/3"
"Dat2_Cell_00911","eL4"
"Dat2_Cell_00912","eL6"
"Dat2_Cell_00915","eL4"
"Dat2_Cell_00917","eL2/3"
"Dat2_Cell_00918","eL2/3"
"Dat2_Cell_00919","Oligo"
"Dat2_Cell_00920","eL6"
"Dat2_Cell_00924","Oligo"
"Dat2_Cell_00925","eL4"
"Dat2_Cell_00926","Oligo"
"Dat2_Cell_00927","eL6"
"Dat2_Cell_00931","eL4"
"Dat2_Cell_00932","eL2/3"
"Dat2_Cell_00935","eL6"
"Dat2_Cell_00936","eL6"
"Dat2_Cell_00939","eL2/3"
"Dat2_Cell_00940","eL4"
"Dat2_Cell_00944","eL4"
"Dat2_Cell_00946","eL6"
"Dat2_Cell_00949","eL6"
"Dat2_Cell_00950","Oligo"
"Dat2_Cell_00951","eL4"
"Dat2_Cell_00952","eL2/3"
"Dat2_Cell_00953","eL2/3"
"Dat2_Cell_00954","Oligo"
"Dat2_Cell_00955","eL2/3"
"Dat2_Cell_00957","eL4"
"Dat2_Cell_00958","eL2/3"
"Dat2_Cell_00959","eL4"
"Dat2_Cell_00960","eL2/3"
"Dat2_Cell_00963","eL4"
"Dat2_Cell_00967","Oligo"
"Dat2_Cell_00968","eL6"
"Dat2_Cell_00969","eL6"
"Dat2_Cell_00971","eL4"
